{
  "project_info": {
    "project_number": "417597850680",
    "firebase_url": "https://firestore-a836f.firebaseio.com",
    "project_id": "firestore-a836f",
    "storage_bucket": "firestore-a836f.appspot.com"
  },
  "client": [
    {
      "client_info": {
        "mobilesdk_app_id": "1:417597850680:android:766f03c15d6fe3c558d2cd",
        "android_client_info": {
          "package_name": "com.mindme"
        }
      },
      "oauth_client": [
        {
          "client_id": "417597850680-4u3fb83vcdid69vjumhuvv5n0aeasi2q.apps.googleusercontent.com",
          "client_type": 1,
          "android_info": {
            "package_name": "com.mindme",
            "certificate_hash": "5e8f16062ea3cd2c4a0d547876baa6f38cabf625"
          }
        },
        {
          "client_id": "417597850680-kskock3u1n3k247h7kveim6a1qj3mp5l.apps.googleusercontent.com",
          "client_type": 1,
          "android_info": {
            "package_name": "com.mindme",
            "certificate_hash": "8f927a2a9986465b37141026f7b7c3cc4a8ef74e"
          }
        },
        {
          "client_id": "417597850680-ne6sht29rg8opnc3r58509ik4hhjl8ge.apps.googleusercontent.com",
          "client_type": 1,
          "android_info": {
            "package_name": "com.mindme",
            "certificate_hash": "8769588da30dee30499a34e8ab49bd3311d5cf3b"
          }
        },
        {
          "client_id": "417597850680-qnn4qotfoqu1ag4rgap1sm0dg0b67ava.apps.googleusercontent.com",
          "client_type": 3
        }
      ],
      "api_key": [
        {
          "current_key": "AIzaSyCuUlKDM5FCCaE2JbCFHhRkoyg8KKMA9Lc"
        }
      ],
      "services": {
        "appinvite_service": {
          "other_platform_oauth_client": [
            {
              "client_id": "417597850680-9hqcd9fblti5hd3fvcekfuvrb3513uhs.apps.googleusercontent.com",
              "client_type": 3
            }
          ]
        }
      }
    }
  ],
  "configuration_version": "1"
}